[
    {
        "name": "Left 1x1 Wooden Shutter",
        "ingredientPattern": "SSS,NT_,SSS",
        "ingredients": {
            "S": {
                "type": "item",
                "code": "game:stick"
            },
            "T": {
                "type": "block",
                "code": "game:trapdoor-solid-*-1",
                "name": "wood"
            },
            "N": {
                "type": "item",
                "code": "game:metalnailsandstrips-*"
            }
        },
        "output": {
            "type": "block",
            "code": "1x1woodenshutters-north-closed-left-{wood}",
            "quantity": 1
        }
    },
    {
        "name": "Right 1x1 Wooden Shutter",
        "ingredientPattern": "SSS,_TN,SSS",
        "ingredients": {
            "S": {
                "type": "item",
                "code": "game:stick"
            },
            "T": {
                "type": "block",
                "code": "game:trapdoor-solid-*-1",
                "name": "wood"
            },
            "N": {
                "type": "item",
                "code": "game:metalnailsandstrips-*"
            }
        },
        "output": {
            "type": "block",
            "code": "1x1woodenshutters-north-closed-right-{wood}",
            "quantity": 1
        }
    },
    {
        "name": "Half 1x1 Wooden Shutter",
        "ingredientPattern": "SSS,NTN,SSS",
        "ingredients": {
            "S": {
                "type": "item",
                "code": "game:stick"
            },
            "T": {
                "type": "block",
                "code": "game:trapdoor-solid-*-1",
                "name": "wood"
            },
            "N": {
                "type": "item",
                "code": "game:metalnailsandstrips-*"
            }
        },
        "output": {
            "type": "block",
            "code": "1x1woodenshutters-north-closed-half-{wood}",
            "quantity": 1
        }
    }
]