{
	"editor": {
		"allAngles": false,
		"entityTextureMode": false
	},
	"textureWidth": 32,
	"textureHeight": 32,
	"textureSizes": {
		"uvmapwoodenshutters": [32,32],
		"woodenshutterstexture": [32,32]
	},
	"textures": {
	},
	"elements": [
		{
			"name": "Cube2",
			"from": [ -16.0, 0.0, 0.0 ],
			"to": [ 16.0, 3.0, 2.0 ],
			"rotationOrigin": [ 0.0, 0.0, 0.0 ],
			"rotationX": 22.5,
			"faces": {
				"north": { "texture": "#woodenshutterstexture", "uv": [ 0.5, 0.0, 3.5, 32.0 ], "rotation": 90, "windMode": [-1,-1,-1,-1] },
				"east": { "texture": "#woodenshutterstexture", "uv": [ 28.0, 28.0, 31.0, 30.0 ], "rotation": 90, "windMode": [-1,-1,-1,-1] },
				"south": { "texture": "#woodenshutterstexture", "uv": [ 25.5, 0.0, 28.5, 32.0 ], "rotation": 270, "windMode": [-1,-1,-1,-1] },
				"west": { "texture": "#woodenshutterstexture", "uv": [ 3.5, 28.0, 6.5, 30.0 ], "rotation": 90 },
				"up": { "texture": "#woodenshutterstexture", "uv": [ 28.0, 0.0, 30.0, 32.0 ], "rotation": 270 },
				"down": { "texture": "#woodenshutterstexture", "uv": [ 3.0, 0.0, 5.0, 32.0 ], "rotation": 90 }
			}
		},
		{
			"name": "Cube3",
			"from": [ 48.0, 14.0, 3.0 ],
			"to": [ 80.0, 17.0, 5.0 ],
			"rotationOrigin": [ 32.0, 14.0, 3.0 ],
			"rotationX": -22.5,
			"rotationY": -180.0,
			"faces": {
				"north": { "texture": "#woodenshutterstexture", "uv": [ 18.5, 0.0, 21.5, 32.0 ], "rotation": 270 },
				"east": { "texture": "#woodenshutterstexture", "uv": [ 10.0, 4.0, 13.0, 6.0 ], "rotation": 90 },
				"south": { "texture": "#woodenshutterstexture", "uv": [ 26.0, 0.0, 29.0, 32.0 ], "rotation": 90 },
				"west": { "texture": "#woodenshutterstexture", "uv": [ 22.5, 3.5, 25.5, 5.5 ], "rotation": 90 },
				"up": { "texture": "#woodenshutterstexture", "uv": [ 5.0, 0.0, 7.0, 32.0 ], "rotation": 90 },
				"down": { "texture": "#woodenshutterstexture", "uv": [ 4.0, 0.0, 6.0, 32.0 ], "rotation": 270 }
			}
		},
		{
			"name": "Cube4",
			"from": [ 0.0, 2.0, 0.0 ],
			"to": [ 16.0, 14.0, 1.0 ],
			"rotationOrigin": [ 16.0, 2.0, 0.0 ],
			"faces": {
				"north": { "texture": "#woodenshutterstexture", "uv": [ 9.0, 8.0, 25.0, 20.0 ] },
				"east": { "texture": "#woodenshutterstexture", "uv": [ 17.0, 5.0, 18.0, 17.0 ] },
				"south": { "texture": "#woodenshutterstexture", "uv": [ 8.5, 8.0, 24.5, 20.0 ] },
				"west": { "texture": "#woodenshutterstexture", "uv": [ 17.5, 6.5, 18.5, 18.5 ] },
				"up": { "texture": "#woodenshutterstexture", "uv": [ 11.0, 10.5, 27.0, 11.5 ], "rotation": 180 },
				"down": { "texture": "#woodenshutterstexture", "uv": [ 7.5, 13.0, 23.5, 14.0 ] }
			}
		},
		{
			"name": "Cube5",
			"from": [ 13.0, 6.0, 1.0 ],
			"to": [ 14.0, 7.0, 2.0 ],
			"rotationOrigin": [ 13.0, 6.0, 1.0 ],
			"faces": {
				"north": { "texture": "#woodenshutterstexture", "uv": [ 20.0, 11.0, 21.0, 12.0 ] },
				"east": { "texture": "#woodenshutterstexture", "uv": [ 21.0, 11.0, 22.0, 12.0 ] },
				"south": { "texture": "#woodenshutterstexture", "uv": [ 22.0, 11.0, 23.0, 12.0 ] },
				"west": { "texture": "#woodenshutterstexture", "uv": [ 23.0, 11.0, 24.0, 12.0 ] },
				"up": { "texture": "#woodenshutterstexture", "uv": [ 21.0, 13.0, 22.0, 14.0 ], "rotation": 180 },
				"down": { "texture": "#woodenshutterstexture", "uv": [ 21.0, 10.0, 22.0, 11.0 ] }
			}
		},
		{
			"name": "Cube6",
			"from": [ 13.0, 9.0, 1.0 ],
			"to": [ 14.0, 10.0, 2.0 ],
			"rotationOrigin": [ 13.0, 9.0, 1.0 ],
			"faces": {
				"north": { "texture": "#woodenshutterstexture", "uv": [ 15.0, 9.5, 16.0, 10.5 ] },
				"east": { "texture": "#woodenshutterstexture", "uv": [ 16.0, 9.5, 17.0, 10.5 ] },
				"south": { "texture": "#woodenshutterstexture", "uv": [ 17.0, 9.5, 18.0, 10.5 ] },
				"west": { "texture": "#woodenshutterstexture", "uv": [ 18.0, 9.5, 19.0, 10.5 ] },
				"up": { "texture": "#woodenshutterstexture", "uv": [ 15.0, 8.5, 16.0, 9.5 ], "rotation": 180 },
				"down": { "texture": "#woodenshutterstexture", "uv": [ 16.0, 8.5, 17.0, 9.5 ] }
			}
		},
		{
			"name": "Cube7",
			"from": [ 2.0, 9.0, 1.0 ],
			"to": [ 3.0, 10.0, 2.0 ],
			"rotationOrigin": [ 2.0, 9.0, 1.0 ],
			"faces": {
				"north": { "texture": "#woodenshutterstexture", "uv": [ 5.0, 11.0, 6.0, 12.0 ], "rotation": 90 },
				"east": { "texture": "#woodenshutterstexture", "uv": [ 6.0, 11.0, 7.0, 12.0 ], "rotation": 90 },
				"south": { "texture": "#woodenshutterstexture", "uv": [ 7.0, 11.0, 8.0, 12.0 ], "rotation": 270 },
				"west": { "texture": "#woodenshutterstexture", "uv": [ 8.0, 11.0, 9.0, 12.0 ], "rotation": 90 },
				"up": { "texture": "#woodenshutterstexture", "uv": [ 5.0, 10.0, 6.0, 11.0 ], "rotation": 270 },
				"down": { "texture": "#woodenshutterstexture", "uv": [ 6.0, 10.0, 7.0, 11.0 ], "rotation": 90 }
			}
		},
		{
			"name": "Cube8",
			"from": [ 2.0, 6.0, 1.0 ],
			"to": [ 3.0, 7.0, 2.0 ],
			"rotationOrigin": [ 2.0, 6.0, 1.0 ],
			"faces": {
				"north": { "texture": "#woodenshutterstexture", "uv": [ 11.0, 17.0, 12.0, 18.0 ], "rotation": 90 },
				"east": { "texture": "#woodenshutterstexture", "uv": [ 12.0, 17.0, 13.0, 18.0 ], "rotation": 90 },
				"south": { "texture": "#woodenshutterstexture", "uv": [ 13.0, 17.0, 14.0, 18.0 ], "rotation": 270 },
				"west": { "texture": "#woodenshutterstexture", "uv": [ 14.0, 17.0, 15.0, 18.0 ], "rotation": 90 },
				"up": { "texture": "#woodenshutterstexture", "uv": [ 11.0, 16.0, 12.0, 17.0 ], "rotation": 270 },
				"down": { "texture": "#woodenshutterstexture", "uv": [ 12.0, 16.0, 13.0, 17.0 ], "rotation": 90 }
			}
		},
		{
			"name": "Cube9",
			"from": [ 2.0, 6.0, 2.0 ],
			"to": [ 3.0, 10.0, 3.0 ],
			"rotationOrigin": [ 2.0, 6.0, 2.0 ],
			"faces": {
				"north": { "texture": "#woodenshutterstexture", "uv": [ 15.0, 26.0, 19.0, 27.0 ], "rotation": 90 },
				"east": { "texture": "#woodenshutterstexture", "uv": [ 19.0, 26.0, 23.0, 27.0 ], "rotation": 90 },
				"south": { "texture": "#woodenshutterstexture", "uv": [ 23.0, 26.0, 27.0, 27.0 ], "rotation": 270 },
				"west": { "texture": "#woodenshutterstexture", "uv": [ 27.0, 26.0, 31.0, 27.0 ], "rotation": 90 },
				"up": { "texture": "#woodenshutterstexture", "uv": [ 15.5, 18.5, 16.5, 19.5 ], "rotation": 270 },
				"down": { "texture": "#woodenshutterstexture", "uv": [ 16.0, 25.0, 17.0, 26.0 ], "rotation": 90 }
			}
		},
		{
			"name": "Cube10",
			"from": [ 13.0, 6.0, 2.0 ],
			"to": [ 14.0, 10.0, 3.0 ],
			"renderPass": 0,
			"rotationOrigin": [ 15.0, 6.0, 2.0 ],
			"faces": {
				"north": { "texture": "#woodenshutterstexture", "uv": [ 6.0, 29.0, 10.0, 30.0 ], "rotation": 90 },
				"east": { "texture": "#woodenshutterstexture", "uv": [ 10.0, 24.5, 14.0, 25.5 ], "rotation": 90 },
				"south": { "texture": "#woodenshutterstexture", "uv": [ 14.0, 29.0, 18.0, 30.0 ], "rotation": 270 },
				"west": { "texture": "#woodenshutterstexture", "uv": [ 18.0, 29.0, 22.0, 30.0 ], "rotation": 90 },
				"up": { "texture": "#woodenshutterstexture", "uv": [ 6.0, 28.0, 7.0, 29.0 ], "rotation": 270 },
				"down": { "texture": "#woodenshutterstexture", "uv": [ 7.0, 28.0, 8.0, 29.0 ], "rotation": 90 }
			}
		}
	]}